{"languages":["C","C With O2","C++","C++ With O2","Java","Python3","Python2","Golang","C#","PHP","PyPy2","PyPy3","JavaScript Node","JavaScript V8"],"samples":[{"output":"1.out","input":"1.in"}],"tags":[],"problem":{"stackLimit":128,"modifiedUser":"root","judgeCaseMode":"default","auth":1,"isRemote":false,"description":"YL銀行中有十個至尊VIP保險箱，編號為1~10，以下為每個保險箱中保管的金條數目：\n\n|編號|1|2|3|4|5|6|7|8|9|10|\n|-|-|-|-|-|-|-|-|-|-|-|\n|金條數目|13|41|23|70|100|200|0|23|1|28|","source":"","title":"初代保險箱","type":0,"timeLimit":1000,"output":"1","difficulty":0,"input":"1","examples":"<input>1</input><output>1</output>","ioScore":100,"codeShare":true,"hint":"","isRemoveEndBlank":true,"openCaseResult":true,"memoryLimit":256,"problemId":"0000","isGroup":false,"isUploadCase":true,"judgeMode":"default"},"codeTemplates":[],"judgeMode":"default"}